ref,value,footprint,lcsc,mpn,qty
U1,ESP32-C3-WROOM-02,custom:ESP32-C3-WROOM-02,C2934560,ESP32-C3-WROOM-02-N4,1
X1,USB_C_16P,Connector_USB:USB_C_Receptacle_USB2.0_16P,C165948,TYPE-C-31-M-12,1
U2,AP63205,Package_TO_SOT_SMD:SOT-23-6,C2071056,AP63205WU-7,1
U3,AP2112K-3.3,Package_TO_SOT_SMD:SOT-23-5,C51115,AP2112K-3.3TRG1,1
Q1,Q2,Q3,Q4,AO3400A,Package_TO_SOT_SMD:SOT-23,C20917,AO3400A,4
D3,D4,SS34,Diode_SMD:D_SMA,C8678,SS34,2
F1,FUSE_5A,Fuse:Fuse_1206_3216Metric,C136351,JFC1206-1500FS,1
L1,L_4R7,custom:L-4x4-4R7,C167874,FNR4030S4R7MT,1
J1,TB_2P,custom:TB-5.08-2P,C474952,KF128-5.08-2P-AA,1
J2,TB_5P,custom:TB-5.08-5P,C42377750,WJ500V-5.08-05P-14-00A,1
J3,Conn_01x04,Connector_PinHeader_2.54mm:PinHeader_1x04_P2.54mm_Vertical,C49258,KH-2.54PH180-1X4P-L13.5,1
BT1,BT2,SW_PUSH,custom:Tactile-6x6-SMD,C139797,TS-1187A-B-A-B,2
R1,R2,R3,R4,100R,Resistor_SMD:R_0603_1608Metric,C22369795,RCA03100RFLF,4
R5,R6,R7,R8,R13,10k,Resistor_SMD:R_0603_1608Metric,C25804,0603WAF1002T5E,5
R9,R10,5.1k,Resistor_SMD:R_0603_1608Metric,C23186,0603WAF5101T5E,2
R11,R12,22R,Resistor_SMD:R_0603_1608Metric,C22926,0603WAF220JT5E,2
R14,R15,1k,Resistor_SMD:R_0603_1608Metric,C21190,0603WAF1001T5E,2
R16,100k,Resistor_SMD:R_0603_1608Metric,C25803,0603WAF1003T5E,1
C1,C6,C7,C10,10uF,Capacitor_SMD:C_0603_1608Metric,C15849,CL10A106KP8NNNC,4
C2,C3,C8,C9,100nF,Capacitor_SMD:C_0603_1608Metric,C14663,0603B104K500NT,4
C4,C5,22uF,Capacitor_SMD:C_0805_2012Metric,C45783,CL21A226MAQNNNE,2
D1,LED_RED,LED_SMD:LED_0603_1608Metric,C2286,LTST-C190KRKT,1
D2,LED_GRN,LED_SMD:LED_0603_1608Metric,C2297,LTST-C190KGKT,1
